{
    "algorithm": {
        "A0": {
            "enable": false,
            "option": {
                "P0": 100.5,
                "P0_min": 0.0,
                "P0_max": 300.0,
                "P0_type": "DOUBLE",
                "P1": 1.0,
                "P1_min": 0.0,
                "P1_max": 30.0,
                "P1_type": "DOUBLE",
                "P2": 0.3,
                "P2_min": 0.0,
                "P2_max": 30.0,
                "P2_type": "DOUBLE"
            }
        },
        "A1": {
            "enable": true,
            "option": {
                "P0": true,
                "P1": 4,
                "P1_0001": 3,
                "P1_min": 1,
                "P1_max": 8,
                "P1_type": "UINT",
                "P2": 0,
                "P2_min": 0,
                "P2_max": 7,
                "P2_type": "UINT",
                "P3": 100,
                "P3_00000002": 25,
                "P3_00000003": 180,
                "P3_00000004": 10,
                "P3_0001": 260,
                "P3_min": 0,
                "P3_max": 799,
                "P3_type": "UINT",
                "P4": true,
                "P4_00000004": false,
                "P5": false,
                "P5_0001": true,
                "P6": 0.0,
                "P6_min": 0,
                "P6_max": 10,
                "P6_type": "DOUBLE",
                "P7": false,
                "P7_0001": true,
                "P8": false
            }
        },
        "A2": {
            "enable": false,
            "option": {
                "P0": 1,
                "P0_min": 0,
                "P0_max": 31,
                "P0_type": "UINT",
                "P1": 1,
                "P1_min": 0,
                "P1_max": 31,
                "P1_type": "UINT",
                "P2": 1,
                "P2_min": 0,
                "P2_max": 31,
                "P2_type": "UINT",
                "P3": 1.119,
                "P3_min": 1.0,
                "P3_max": 2.0,
                "P3_type": "DOUBLE"
            }
        },
        "A3": {
            "enable": true
        },
        "A4": {
            "enable": true
        },
        "A5": {
            "option": {
                "P1": 10000,
                "P1_0001": 4000,
                "P1_min": 0,
                "P1_max": 10000,
                "P1_type": "UINT",
                "P1_help": "unit is mm, 10000mm is 10m",
                "P2": 0,
                "P2_min": 0,
                "P2_max": 10000,
                "P2_type": "UINT",
                "P2_help": "unit is mm",
                "P3": 0,
                "P3_min": 0,
                "P3_max": 4096,
                "P3_type": "UINT",
                "P3_help": "0=off, valid setting range is 1~4096"
            }
        },
        "A6": {
            "enable": false,
            "option": {
                "P0": 1,
                "P0_min": 0,
                "P0_max": 31,
                "P0_type": "UINT",
                "P1": 28,
                "P1_min": 0,
                "P1_max": 31,
                "P1_type": "UINT"
            }
        },
        "A7": {
            "enable": false,
            "option": {
                "P0": 15,
                "P0_min": 0,
                "P0_max": 1023,
                "P0_type": "UINT"
            }
        },
        "A8": {
            "enable": false
        },
        "A9": {
            "option": {
                "P0": 0,
                "P0_min": 0,
                "P0_max": 3,
                "P0_type": "UINT"
            }
        },
        "A10": {
            "option": {
                "P0": 0,
                "P0_0001": 1,
                "P0_min": 0,
                "P0_max": 3,
                "P0_type": "UINT"
            }
        },
        "A11": {
            "option": {
                "P0": 1,
                "P0_min": 0,
                "P0_max": 2,
                "P0_type": "UINT"
            }
        },
        "A12": {
            "option": {
                "P0": 3,
                "P0_min": 0,
                "P0_max": 3,
                "P0_type": "UINT"
            }
        },
        "A13": {
            "option": {
                "P0": 1,
                "P0_00000004": 1,
                "P0_00010004": 1,
                "P0_min": 0,
                "P0_max": 4096,
                "P0_type": "UINT",
                "P0_help": "0=off, valid setting range is 1~4096",
                "P1": 4094,
                "P1_00000004": 4094,
                "P1_00010004": 4094,
                "P1_min": 0,
                "P1_max": 4095,
                "P1_type": "UINT",
                "P1_help": "4095=off, valid setting range is 0~4094"
            }
        },
        "A14": {
            "enable": true
        },
        "A15": {
            "option": {
                "P0": 63,
                "P0_min": 0,
                "P0_max": 63,
                "P0_type": "UINT"
            }
        },
        "A16": {
            "enable": false,
            "option": {
                "P0": 0.001,
                "P0_min": 0.0,
                "P0_max": 1.0,
                "P0_type": "DOUBLE",
                "P1": 19,
                "P1_min": 0,
                "P1_max": 255,
                "P1_type": "UINT",
                "P2": 0,
                "P2_min": 0,
                "P2_max": 255,
                "P2_type": "UINT",
                "P3": 1,
                "P3_min": 0,
                "P3_max": 3,
                "P3_type": "UINT"
            }
        },
        "A17": {
            "enable": false,
            "option": {
                "P0": 200,
                "P0_min": 0,
                "P0_max": 1023,
                "P0_type": "UINT",
                "P1": 400,
                "P1_min": 0,
                "P1_max": 1023,
                "P1_type": "UINT",
                "P2": 0,
                "P2_min": 0,
                "P2_max": 1023,
                "P2_type": "UINT"
            }
        },
        "A18": {
            "enable": false,
            "enable_00000004": false,
            "option": {
                "P0": 0.0000002,
                "P0_min": 0.000000002,
                "P0_max": 0.002,
                "P0_type": "DOUBLE",
                "P1": 0.03,
                "P1_min": 0.001,
                "P1_max": 1.0,
                "P1_type": "DOUBLE",
                "P2": 1000.0,
                "P2_min": 0.0,
                "P2_max": 10000.0,
                "P2_type": "DOUBLE"
            }
        }
    },
    "debug": {
        "logLevel": "verbose",
        "tsensor": {
            "enable": false,
            "interval": 10
        },
        "showFPS": {
            "enable": false
        }
    },
    "camera": {
        "RGB": {
            "_comment": "Anti Flicker. 0 = disable, 50 = 50 Hz, 60 = 60 Hz, auto = auto.",
            "anti_flicker": "60"
        }
    },
    "parameter": {
        "CT": {
            "ow_enable": false,
            "option": {
                "P0": 1,
                "P0_min": 0,
                "P0_max": 4095,
                "P0_help": "0=off, valid setting range is 1~4095"
            }
        }
    },
    "config": {
        "version": "1.6.0.0",
        "profile": 0,
        "ifmt": 1,
        "ifmt_00000005": 3,
        "binning_en": false,
        "lens_mode": 1,
        "portrait_mode_en": false,
        "ambient_data_en": false,
        "accel_mode": 254,
        "accel_mode_00000004": 254
    }
}
